Time,Success
5.138474,False
25.13224,False
16.43033,False
17.76061,True
6.111099,False